{
  "additionalFiles": "",
  "builtInLibrariesFolders": "C:\\Program Files (x86)\\Arduino\\libraries",
  "builtInToolsFolders": "C:\\Program Files (x86)\\Arduino\\tools-builder,C:\\Program Files (x86)\\Arduino\\hardware\\tools\\avr,C:\\Users\\Daan Dekoning\\AppData\\Local\\Arduino15\\packages",
  "compiler.optimization_flags": "",
  "customBuildProperties": "build.path=c:\\Users\\Daan Dekoning\\Documents\\Vakken\\Microcontrollers\\Labo\\OUTPUT,build.warn_data_percentage=75,runtime.tools.avr-gcc.path=C:\\Users\\Daan Dekoning\\AppData\\Local\\Arduino15\\packages\\arduino\\tools\\avr-gcc\\7.3.0-atmel3.6.1-arduino7,runtime.tools.avr-gcc-7.3.0-atmel3.6.1-arduino7.path=C:\\Users\\Daan Dekoning\\AppData\\Local\\Arduino15\\packages\\arduino\\tools\\avr-gcc\\7.3.0-atmel3.6.1-arduino7,runtime.tools.avrdude.path=C:\\Users\\Daan Dekoning\\AppData\\Local\\Arduino15\\packages\\arduino\\tools\\avrdude\\6.3.0-arduino17,runtime.tools.avrdude-6.3.0-arduino17.path=C:\\Users\\Daan Dekoning\\AppData\\Local\\Arduino15\\packages\\arduino\\tools\\avrdude\\6.3.0-arduino17,runtime.tools.arduinoOTA.path=C:\\Users\\Daan Dekoning\\AppData\\Local\\Arduino15\\packages\\arduino\\tools\\arduinoOTA\\1.3.0,runtime.tools.arduinoOTA-1.3.0.path=C:\\Users\\Daan Dekoning\\AppData\\Local\\Arduino15\\packages\\arduino\\tools\\arduinoOTA\\1.3.0",
  "fqbn": "arduino:avr:nano:cpu=atmega328old",
  "hardwareFolders": "C:\\Program Files (x86)\\Arduino\\hardware,C:\\Users\\Daan Dekoning\\AppData\\Local\\Arduino15\\packages",
  "otherLibrariesFolders": "C:\\Users\\Daan Dekoning\\Documents\\Arduino\\libraries",
  "runtime.ide.version": "10813",
  "sketchLocation": "c:\\Users\\Daan Dekoning\\Documents\\Vakken\\Microcontrollers\\Labo\\EXAMEN\\vaardigheidsproef\\vaardigheidsproef.ino"
}